{
    "pages": {
        "Home": {
            "url": "/mobi/presignon/init",
            "activePageName": "Home"
        },
        "Signon": {
            "url": "/mobi/signon/init?v1",
            "activePageName": "Home"
        },
        "PreContactUs": {
            "url": "/mobi/common/pagecontent",
            "activePageName": "Home"
        },
        "HelpPreSignOn": {
            "url": "/mobi/presignon/help",
            "activePageName": "Home"
        },
        "Pvq": {
            "url": "/mobi/signon/pvq/init",
            "activePageName": "Home"
        },
        "Broadcast": {
            "url": "/mobi/signon/broadcast",
            "activePageName": "Home"
        },
        "OtvcSetup":{
            "url": "/mobi/userpref/otvc/init",
            "activePageName": "Home"
        },
        "OtvcVerify":{
            "url": "/mobi/userpref/otvc/validate",
            "activePageName": "Home"
        },
        "MyAccounts": {
            "request": {
                "PageContentReq": {
                    "PageName": "MyAccounts"
                },
                "MyAccountsReq": {}
            },
            "url": "/mobi/account/myaccounts",
            "activePageName": "MyAccounts"
        },
        "AccountHoldings": {
            "url": "/mobi/account/holdings/init",
            "activePageName": "MyAccounts"
        },
        "AccountHoldingDetails": {
            "refreshURL": "pageContent",
            "activePageName": "MyAccounts"
        },
        "QuoteDetails": {
            "url": "/mobi/quote/detail",
            "activePageName": "QuoteDetails"
        },
        "TradeStocks": {
            "request": {
                "InitTradeStocksReq": {},
                "PageContentReq": {
                    "PageName": "TradeStocksLanding"
                },
                "PermissionInfoReq": {
                    "Permissions": [
                        "trade_stock_buy",
                        "trade_stock_sell"
                    ]
                },
                "AccountListReq": {
                    "IncludeBalance": true
                },
                "DatePickerPageContentReq": {
                    "PageName": "CustomDatePicker"
                },
                "DatePickerAdditionalInfoReq": {}
            },
            "url": "/mobi/trade/stocks/init",
            "activePageName": "TradeStocks"
        },
        "TradeStocksVerify": {
            "url": "/mobi/trade/stocks/verify",
            "activePageName": "TradeStocks"
        },
        "TradeStocksConfirm": {
            "url": "/mobi/trade/stocks/submit",
            "refreshURL": "pageContent",
            "activePageName": "TradeStocks"
        },
        "StockCancelVerify": {
            "url": "/mobi/trade/stocks/cancel/verify",
            "activePageName": "OrderStatus"
        },
        "StockChangeModify": {
            "url": "/mobi/trade/stocks/updateinit",
            "activePageName": "OrderStatus"
        },
        "StockChangeVerify": {
            "url": "/mobi/trade/stocks/changeorder/verify",
            "activePageName": "OrderStatus"
        },
        "StockCFOConfirm": {
            "url": "",
            "cancelURL": "/mobi/trade/stocks/cancel",
            "changeURL": "/mobi/trade/stocks/changeorder",
            "refreshURL": "pageContent",
            "activePageName": "OrderStatus"
        },
        "TradeOptions": {
            "request": {
                "InitTradeStocksReq": {},
                "PageContentReq": {
                    "PageName": "TradeOptionsLanding"
                },
                "PermissionInfoReq": {
                    "Permissions": [
                        "trade_option_buytoopen",
                        "trade_option_buytoclose",
                        "trade_option_selltoopen",
                        "trade_option_selltoclose"
                    ]
                },
                "AccountListReq": {
                    "IncludeBalance": true
                },
                "DatePickerPageContentReq": {
                    "PageName": "CustomDatePicker"
                },
                "DatePickerAdditionalInfoReq": {}
            },
            "url": "/mobi/trade/options/init",
            "activePageName": "TradeOptions"
        },
        "TradeOptionsVerify": {
            "url": "/mobi/trade/options/verify",
            "activePageName": "TradeOptions"
        },
        "TradeOptionsConfirm": {
            "url": "/mobi/trade/options/submit",
            "refreshURL": "pageContent",
            "activePageName": "TradeOptions"
        },
        "OptionCancelVerify": {
            "url": "/mobi/trade/options/cancel/verify",
            "activePageName": "OrderStatus"
        },
        "OptionChangeModify": {
            "url": "/mobi/trade/options/updateinit",
            "activePageName": "OrderStatus"
        },
        "OptionChangeVerify": {
            "url": "/mobi/trade/options/change/verify",
            "activePageName": "OrderStatus"
        },
        "OptionCFOConfirm": {
            "url": "",
            "cancelURL": "/mobi/trade/options/cancel/submit",
            "changeURL": "/mobi/trade/options/change/submit",
            "refreshURL": "pageContent",
            "activePageName": "OrderStatus"
        },
        "OrderStatus": {
            "request": {
                "PageContentReq": {
                    "PageName": "OrderStatus"
                },
                "AccountListReq": {
                    "IncludeSubaccount": "false"
                },
                "PageAdditionalInfoReq": {},
                "OrderStatusReq": {
                    "SearchOptions": {
                        "StartRow": "0",
                        "NumberOfResult": 20
                    },
                    "Refresh": true,
                    "FiTypeCode": "E"
                }
            },
            "url": "/mobi/orderstatus/init",
            "activePageName": "OrderStatus"
        },
        "OrderStatusDetails": {
            "url": "/mobi/orderstatus/detail",
            "activePageName": "OrderStatus"
        },
        "TransactionHistory": {
            "request": {
                "PageContentReq": {
                    "PageName": "TransactionHistory"
                },
                "PermissionInfoReq": {
                    "Permissions": [
                        "transactionHistoryISI"
                    ]
                },
                "TransactionHistoryReq": {
                    "Refresh": true,
                    "SearchOptions": {
                        "StartRow": "0",
                        "NumberOfResult": "20"
                    }
                },
                "AccountListReq": {
                    "IncludeSubaccount": "true"
                },
                "DefaultAccountReq": {}
            },
            "url": "/mobi/txnhistory/init",
            "activePageName": "TransactionHistory"
        },
        "QuoteAndWatchLists": {
            "request": {
                "WatchlistNamesReq": {},
                "PageContentReq": {
                    "PageName": "QuotesAndWatchLists"
                },
                "PermissionInfoReq": {
                    "Permission": []
                },
                "QuoteListReq": {
                    "Symbols": []
                }
            },
            "url": "/mobi/quote/init",
            "activePageName": "QuoteAndWatchLists"
        },
        "Markets": {
            "request": {
                "PageContentReq": {
                    "PageName": "MarketLanding"
                },
                "DetailPageContentReq": {
                    "PageName": "QuoteDetails"
                },
                "PermissionInfoReq": {
                    "Permission": [
                        "MYACCOUNT",
                        "TRADE_BUY",
                        "TRADE_SELL"
                    ]
                },
                "MarketSummaryReq": {}
            },
            "url": "/mobi/quote/markets",
            "activePageName": "Markets"
        },
        "MarketDetails": {
            "request": {
                "DetailPageContentReq": {
                    "PageName": "QuoteDetails"
                },
                "MarketSummaryReq": {}
            },
            "url": "/mobi/quote/markets",
            "activePageName": "marketDetails"
        },
        "CashTransfers": {
            "request": {
                "InitPageReq": {},
                "FromAccountListReq": {
                    "CashTransferAcctType": "FROM",
                    "IncludeBalance": true
                },
                "PageContentReq": {
                    "PageName": "CashTransferLanding"
                },
                "PermissionInfoReq": {},
                "DatePickerPageContentReq": {
                    "PageName": "CustomDatePicker"
                },
                "DatePickerAdditionalInfoReq": {}
            },
            "url": "/mobi/cashtransfer/init",
            "activePageName": "CashTransfers"
        },
        "CashTransfersVerification": {
            "url": "/mobi/cashtransfer/verify",
            "activePageName": "CashTransfers"
        },
        "CashTransfersConfirmation": {
            "url": "/mobi/cashtransfer/submit",
            "refreshURL": "pageContent",
            "activePageName": "CashTransfers"
        },
        "CashTransferCancelVerify": {
            "url": "/mobi/cashtransfer/cancel/verify",
            "activePageName": "OrderStatus"
        },
        "CashTransferChangeModify": {
            "url": "/mobi/cashtransfer/updateinit",
            "activePageName": "OrderStatus"
        },
        "CashTransferChangeVerify": {
            "url": "/mobi/cashtransfer/change/verify",
            "activePageName": "OrderStatus"
        },
        "CashTransferCFOConfirm": {
            "url": "",
            "cancelURL": "/mobi/cashtransfer/cancel",
            "changeURL": "/mobi/cashtransfer/change",
            "refreshURL": "pageContent",
            "activePageName": "OrderStatus"
        },
        "ContactUs": {
            "request": {
                "PageName": "ContactUs",
                "LOB": "IE",
                "Locale": "en"
            },
            "url": "/mobi/common/pagecontent",
            "activePageName": "ContactUs"
        },
        "TouchID": {
            "request": {"PageContentReq":{"PageName":"TouchID"}, "TouchIdInitReq":{}},
            "url": "/mobi/touchid/init",
            "activePageName": "TouchID"
        },
        "HelpPostSignOn": {
            "request": {
                "PageContentReq": {
                    "PageName": "HelpLanding"
                },
                "ContactPageContentReq": {
                    "PageName": "ContactUs"
                },
                "PermissionInfoReq": {
                    "Permissions": [
                        "HELP"
                    ]
                }
            },
            "url": "/mobi/help/init",
            "activePageName": "HelpPostSignOn"
        },
        "HelpPostSignOnAnswer": {
            "refreshURL": "pageContent",
            "activePageName": "HelpPostSignOn"
        },
        "HelpPostSignOnMultipleAnswers": {
            "refreshURL": "pageContent",
            "activePageName": "HelpPostSignOn"
        },
        "HelpPostSignOnFAQ": {
            "request": {
                "PageContentReq": {
                    "PageName": "HelpFAQ"
                },
                "GetTopQuestionsReq": {
                    "NumberOfQuestion": "10"
                },
                "ContactPageContentReq": {
                    "PageName": "ContactUs"
                }
            },
            "url": "/mobi/help/top",
            "activePageName": "HelpPostSignOn"
        }
    },
    "APIServices": {
        "pageContent": {
            "url": "/mobi/common/pagecontent"
        },
        "removeUserID": {
            "url": "/mobi/signon/removeuserid?v1"
        },
        "signon": {
            "url": "/mobi/signon/submit"
        },
        "settlementaccounts": {
            "url": "/mobi/trade/stocks/settlementaccounts"
        },
        "settlementaccountsOptions": {
            "url": "/mobi/trade/options/settlementaccounts"
        },
        "stockholdings": {
            "url": "/mobi/trade/stocks/stockholdings"
        },
        "optionholdings": {
            "url": "/mobi/trade/options/holdings"
        },
        "getQuote": {
            "url": "/mobi/quote/quick"
        },
        "getOptionChain": {
            "url": "/mobi/quote/options/chaindetail"
        },
        "cashAccountList": {
            "url": "/mobi/cashtransfer/getaccountlist"
        },
        "orderStatusList": {
            "url": "/mobi/orderstatus/list"
        },
        "serverInfo": {
            "url": "/mobi/common/serverInfo"
        },
        "helpAsk": {
            "url": "/mobi/help/ask"
        },
        "helpRate": {
            "url": "/mobi/help/rate"
        },
        "helpDetail": {
            "url": "/mobi/help/detail"
        },
        "touchIdLog": {
            "url": "/mobi/touchid/log"
        },
        "quoteInit": {
            "url": "/mobi/quote/init"
        },
        "quoteList": {
            "url": "/mobi/quote/list"
        },
        "quoteDetail": {
            "url": "/mobi/quote/detail"
        },
        "watchList": {
            "url": "/mobi/quote/watchlist"
        },
        "list": {
            "url": "/mobi/txnhistory/list"
        },
        "filter": {
            "url": "/mobi/txnhistory/filter"
        },
        "signoff": {
            "url": "/mobi/signon/signoff"
        },
        "otvcInit": {
            "url": "/mobi/signon/otvc/init"
        },
        "otvcSend": {
            "url": "/mobi/signon/otvc/send"
        },
        "otvcVerify": {
            "url": "/mobi/signon/otvc/verify"
        },
        "otvcInitUrl": {
            "url": "/mobi/userpref/otvc/init"
        },
        "otvcvalidate": {
            "url": "/mobi/userpref/otvc/validate"
        },
        "serviceOTVCVerify": {
            "url": "/mobi/userpref/otvc/verify"
        },
        "serviceOTVCSend": {
            "url": "/mobi/usserpref/otvc/send"
        },
        "serviceOTVCSkip": {
            "url": "/mobi/userpref/otvc/skip"
        }
        
        }
    }
    
